price,area,bedrooms,bathrooms,stories,mainroad,guestroom,basement,hotwaterheating,airconditioning,parking,prefarea,furnishingstatus_semi-furnished,furnishingstatus_unfurnished
1.0,0.6521308225966302,0.6000000000000001,1.0,1.0,1,0,0,0,1,0.6666666666666666,1,True,False
0.9661016949152543,0.6045589692765114,0.6000000000000001,0.0,0.3333333333333333,1,1,1,0,1,0.6666666666666666,1,False,False
0.9576271186440677,0.3716551040634291,0.4000000000000001,0.5,1.0,1,1,0,0,1,0.3333333333333333,1,False,True
0.9432203389830509,0.396432111000991,0.6000000000000001,1.0,0.3333333333333333,1,1,1,1,0,0.6666666666666666,0,True,False
0.8983050847457628,0.4509415262636273,0.6000000000000001,0.5,0.3333333333333333,1,0,0,0,1,0.3333333333333333,1,True,False
0.8898305084745763,0.14866204162537167,0.6000000000000001,0.5,0.3333333333333333,1,0,0,1,0,0.6666666666666666,0,False,False
0.8898305084745763,0.5748265609514371,0.4000000000000001,0.5,0.3333333333333333,1,0,0,0,0,0.0,1,True,False
0.8728813559322033,0.396432111000991,0.6000000000000001,0.0,0.3333333333333333,1,0,1,0,0,0.6666666666666666,0,True,False
0.8728813559322033,0.4558969276511397,0.6000000000000001,0.5,0.3333333333333333,1,1,1,0,1,0.3333333333333333,1,False,True
0.8559322033898304,0.6442021803766105,0.4000000000000001,0.5,1.0,1,0,0,0,1,0.6666666666666666,0,False,False
0.847457627118644,0.25768087215064417,0.4000000000000001,0.5,0.3333333333333333,1,1,0,0,1,0.6666666666666666,0,False,False
0.8432203389830508,0.43805748265609507,0.4000000000000001,0.5,0.3333333333333333,1,0,0,0,1,0.3333333333333333,1,True,False
0.8305084745762712,0.22993062438057482,0.4000000000000001,0.0,0.3333333333333333,1,0,1,1,0,0.6666666666666666,0,True,False
0.8220338983050848,0.5109018830525272,0.4000000000000001,0.5,0.0,1,1,1,0,1,0.6666666666666666,0,False,True
0.8177966101694916,0.599603567888999,0.4000000000000001,0.0,0.0,1,1,1,0,1,0.3333333333333333,0,False,False
0.8177966101694916,0.2537165510406343,0.4000000000000001,0.5,0.3333333333333333,1,1,1,0,1,0.3333333333333333,0,False,False
0.8093220338983051,0.6739345887016848,0.4000000000000001,0.5,0.3333333333333333,1,0,0,0,1,0.6666666666666666,0,False,False
0.8050847457627119,0.4499504459861248,0.6000000000000001,0.5,0.3333333333333333,1,1,1,0,1,0.6666666666666666,1,False,False
0.7957627118644068,0.396432111000991,0.4000000000000001,0.5,1.0,1,1,1,0,1,0.0,1,True,False
0.7881355932203389,0.6813676907829533,0.4000000000000001,0.0,0.0,1,0,0,0,0,0.3333333333333333,0,True,False
0.7881355932203389,0.5896927651139743,0.8,0.5,0.3333333333333333,1,0,1,1,0,0.6666666666666666,0,False,True
0.7881355932203389,0.3468780971258672,0.6000000000000001,0.5,0.3333333333333333,1,0,1,0,1,0.3333333333333333,1,True,False
0.7881355932203389,0.5426164519326064,0.4000000000000001,0.5,1.0,1,0,0,0,1,0.6666666666666666,0,False,True
0.7881355932203389,0.49554013875123887,0.4000000000000001,0.0,1.0,1,0,0,0,1,0.6666666666666666,0,True,False
0.7754237288135593,0.28543111992071357,0.6000000000000001,0.5,0.3333333333333333,1,0,0,0,1,0.3333333333333333,1,False,False
0.7627118644067796,0.39246778989098113,0.4000000000000001,1.0,0.3333333333333333,1,1,1,0,0,0.3333333333333333,0,False,True
0.7542372881355932,0.4796828543111992,0.8,0.0,0.3333333333333333,1,1,1,0,1,0.3333333333333333,0,False,False
0.7495084745762712,0.49554013875123887,0.4000000000000001,0.5,1.0,1,0,0,0,1,0.6666666666666666,0,False,False
0.7449152542372881,0.5433102081268582,0.4000000000000001,0.5,0.6666666666666667,1,0,0,1,0,0.3333333333333333,1,False,False
0.7372881355932204,0.6937561942517343,0.6000000000000001,0.5,1.0,1,0,0,0,1,0.6666666666666666,0,False,False
0.7351694915254239,0.396432111000991,0.4000000000000001,0.0,1.0,1,1,0,0,1,0.6666666666666666,0,False,True
0.728813559322034,0.396432111000991,0.6000000000000001,0.5,1.0,1,0,0,0,1,0.3333333333333333,0,True,False
0.7245762711864407,0.4509415262636273,0.4000000000000001,0.0,0.3333333333333333,1,0,1,0,1,0.0,1,False,False
0.7203389830508475,0.4321110009910803,0.4000000000000001,0.5,1.0,1,0,0,0,1,0.0,1,False,False
0.7033898305084747,0.44400396432110995,0.4000000000000001,0.5,1.0,1,0,0,0,1,0.6666666666666666,0,False,True
0.7033898305084747,0.396432111000991,0.6000000000000001,0.5,1.0,1,0,0,0,0,0.6666666666666666,0,True,False
0.6864406779661016,0.396432111000991,0.6000000000000001,0.5,1.0,1,0,0,0,1,0.3333333333333333,0,False,False
0.6864406779661016,0.396432111000991,0.4000000000000001,0.5,0.6666666666666667,1,0,0,0,1,0.0,0,True,False
0.6822033898305084,0.396432111000991,0.4000000000000001,0.5,1.0,1,0,0,0,1,0.3333333333333333,0,False,False
0.6779661016949152,0.4558969276511397,0.4000000000000001,0.0,1.0,1,0,0,0,1,1.0,1,False,False
0.673728813559322,0.22794846382556988,0.4000000000000001,0.5,0.3333333333333333,1,0,1,0,0,0.3333333333333333,0,False,True
0.6694915254237288,0.5391476709613479,0.4000000000000001,0.5,0.0,1,1,1,0,1,0.0,1,True,False
0.6694915254237288,0.5391476709613479,0.4000000000000001,0.5,1.0,1,0,0,0,0,0.3333333333333333,1,False,True
0.6694915254237288,0.4286422200198216,0.4000000000000001,0.0,1.0,1,0,0,0,1,0.3333333333333333,0,False,True
0.6610169491525424,0.396432111000991,0.6000000000000001,0.5,1.0,1,1,0,0,1,0.3333333333333333,0,False,False
0.6610169491525424,0.3121902874132804,0.4000000000000001,0.5,1.0,1,0,0,0,1,0.6666666666666666,0,True,False
0.6610169491525424,0.396432111000991,0.4000000000000001,0.5,0.3333333333333333,1,1,0,0,1,0.3333333333333333,0,True,False
0.6610169491525424,0.396432111000991,0.4000000000000001,0.0,0.3333333333333333,1,0,0,0,1,0.3333333333333333,0,False,True
0.6601694915254237,0.935579781962339,0.6000000000000001,0.0,0.3333333333333333,1,0,1,0,0,0.3333333333333333,1,True,False
0.6483050847457628,0.6937561942517343,0.6000000000000001,0.5,1.0,1,1,0,0,1,0.3333333333333333,1,False,False
0.6440677966101696,0.5629335976214074,0.6000000000000001,0.5,1.0,1,1,0,0,1,0.3333333333333333,0,True,False
0.6440677966101696,0.396432111000991,0.4000000000000001,0.5,1.0,1,1,0,0,1,0.3333333333333333,0,False,False
0.6355932203389831,0.396432111000991,0.4000000000000001,0.5,0.3333333333333333,1,1,0,0,0,0.3333333333333333,0,True,False
0.6271186440677967,0.6818632309217045,0.2,0.0,0.0,1,0,0,0,1,0.3333333333333333,0,True,False
0.6271186440677967,0.42021803766105054,0.6000000000000001,0.5,0.3333333333333333,1,0,0,0,1,0.3333333333333333,0,False,False
0.6228813559322035,0.4321110009910803,0.6000000000000001,0.5,0.6666666666666667,1,0,0,0,1,0.6666666666666666,1,False,False
0.6186440677966103,0.9093161546085233,0.4000000000000001,0.0,0.0,1,0,1,0,1,0.3333333333333333,1,False,False
0.6101694915254237,0.6818632309217045,0.4000000000000001,0.5,0.3333333333333333,1,0,1,0,1,0.3333333333333333,0,False,False
0.6059322033898304,0.5649157581764122,0.4000000000000001,0.5,0.0,1,0,0,0,0,0.6666666666666666,0,False,True
0.6016949152542372,0.396432111000991,0.4000000000000001,0.0,0.0,1,0,0,0,1,0.3333333333333333,0,False,False
0.5932203389830508,1.0,0.6000000000000001,0.5,0.3333333333333333,1,0,0,0,0,0.6666666666666666,1,False,False
0.5932203389830508,0.19821605550049554,0.4000000000000001,0.5,0.3333333333333333,1,0,1,0,1,0.0,1,True,False
0.5889830508474576,0.396432111000991,0.6000000000000001,0.5,1.0,1,0,0,0,1,0.0,0,False,True
0.5847457627118644,0.2993062438057483,0.4000000000000001,0.0,1.0,1,0,0,0,1,0.0,1,False,True
0.5805084745762712,0.4558969276511397,0.2,0.5,1.0,1,0,1,0,0,0.0,1,False,False
0.576271186440678,0.20218037661050542,0.4000000000000001,0.0,0.3333333333333333,1,0,1,1,0,0.3333333333333333,0,False,False
0.576271186440678,0.22398414271555994,0.6000000000000001,0.5,0.3333333333333333,1,0,0,1,0,0.0,0,True,False
0.576271186440678,0.43805748265609507,0.4000000000000001,0.5,0.6666666666666667,1,0,0,0,1,0.0,1,False,False
0.576271186440678,0.44598612487611494,0.4000000000000001,0.5,0.6666666666666667,1,0,0,0,1,0.0,1,False,False
0.576271186440678,0.3666997026759167,0.4000000000000001,0.0,0.0,1,1,1,0,1,0.6666666666666666,1,False,False
0.576271186440678,0.396432111000991,0.4000000000000001,0.5,0.6666666666666667,1,1,0,0,1,0.0,0,False,False
0.5737288135593221,0.396432111000991,0.4000000000000001,0.0,0.3333333333333333,1,0,0,1,0,0.3333333333333333,1,True,False
0.5720338983050848,0.19821605550049554,0.4000000000000001,0.5,0.3333333333333333,1,0,1,0,1,0.3333333333333333,0,True,False
0.5720338983050848,0.842418235877106,0.4000000000000001,0.5,0.0,1,0,1,0,1,0.3333333333333333,1,False,False
0.5677966101694916,0.396432111000991,0.4000000000000001,0.5,1.0,1,0,0,0,1,0.0,0,True,False
0.5593220338983051,0.17443012884043607,0.4000000000000001,0.0,0.3333333333333333,1,0,0,1,0,0.6666666666666666,0,True,False
0.5593220338983051,0.6194251734390486,0.4000000000000001,0.5,0.6666666666666667,1,0,0,0,1,0.0,0,False,False
0.5593220338983051,0.4628344895936571,0.4000000000000001,0.0,0.6666666666666667,1,0,1,0,0,0.0,1,False,True
0.5550847457627119,0.1942517343904856,0.4000000000000001,0.0,0.0,1,0,1,0,0,0.6666666666666666,0,True,False
0.5550847457627119,0.5361744301288405,0.4000000000000001,0.0,0.0,1,1,1,0,1,0.6666666666666666,1,False,True
0.5508474576271187,0.6521308225966302,0.8,1.0,0.3333333333333333,1,0,0,0,0,0.6666666666666666,0,False,False
0.5508474576271187,0.2973240832507433,0.4000000000000001,0.0,0.3333333333333333,1,0,0,0,1,0.0,0,True,False
0.5483050847457627,0.47076313181367685,0.2,0.0,0.0,1,1,1,0,0,0.6666666666666666,1,False,False
0.5466101694915255,0.27750247770069375,0.4000000000000001,0.5,1.0,1,1,0,0,1,0.0,0,False,False
0.5338983050847459,0.5153617443012883,0.4000000000000001,0.5,0.0,1,0,1,0,1,1.0,0,True,False
0.5338983050847459,0.396432111000991,0.6000000000000001,0.5,1.0,1,0,0,0,0,0.3333333333333333,0,True,False
0.5338983050847459,0.2081268582755203,0.4000000000000001,0.5,0.6666666666666667,1,0,0,0,1,0.6666666666666666,0,True,False
0.5338983050847459,0.6937561942517343,0.4000000000000001,0.0,0.0,1,0,1,0,0,0.3333333333333333,1,False,False
0.5338983050847459,0.4360753221010902,0.4000000000000001,0.0,0.0,1,1,1,0,1,0.3333333333333333,1,True,False
0.5330508474576272,0.4558969276511397,0.4000000000000001,0.5,0.6666666666666667,1,0,0,0,1,0.0,1,False,True
0.5296610169491525,0.396432111000991,0.6000000000000001,0.0,0.6666666666666667,1,1,1,0,0,0.0,1,False,True
0.5254237288135593,0.4558969276511397,0.4000000000000001,0.5,0.0,1,0,1,0,1,0.0,1,False,True
0.5254237288135593,0.3468780971258672,0.4000000000000001,0.0,0.6666666666666667,1,0,0,0,0,0.3333333333333333,1,False,True
0.521186440677966,0.3468780971258672,0.4000000000000001,0.5,1.0,1,1,0,0,1,0.3333333333333333,0,True,False
0.521186440677966,0.4311199207135778,0.4000000000000001,0.5,0.6666666666666667,1,1,0,0,1,0.0,0,False,False
0.521186440677966,0.3468780971258672,0.4000000000000001,0.5,0.0,1,1,1,0,0,0.6666666666666666,1,False,False
0.5169491525423728,0.2477700693756194,0.4000000000000001,0.0,1.0,1,0,0,0,1,0.0,0,False,True
0.5169491525423728,0.3419226957383548,0.6000000000000001,0.5,0.0,1,0,1,0,1,0.0,1,True,False
0.5127118644067796,0.43805748265609507,0.4000000000000001,0.0,0.6666666666666667,1,0,1,0,0,0.0,1,False,True
0.5105932203389831,0.1228939544103072,0.6000000000000001,0.0,0.6666666666666667,1,0,0,0,0,0.3333333333333333,0,True,False
0.5084745762711864,0.4573835480673934,0.6000000000000001,0.5,0.3333333333333333,1,1,0,1,0,0.3333333333333333,0,True,False
0.5084745762711864,0.4558969276511397,0.4000000000000001,0.0,0.0,1,1,1,0,0,0.6666666666666666,1,True,False
0.5084745762711864,0.6315163528245789,0.4000000000000001,0.0,0.6666666666666667,1,0,0,0,1,0.6666666666666666,0,False,True
0.5076271186440677,0.22794846382556988,1.0000000000000002,0.5,0.3333333333333333,1,0,0,0,0,0.0,0,False,False
0.5076271186440677,0.7552031714568879,0.4000000000000001,0.0,0.0,1,0,1,0,0,0.6666666666666666,1,False,False
0.5,0.47571853320118923,0.2,0.0,0.0,1,1,1,0,0,0.6666666666666666,0,False,False
0.5,0.5946481665014867,0.4000000000000001,0.0,0.0,1,1,1,0,1,0.6666666666666666,1,True,False
0.5,0.485629335976214,0.4000000000000001,0.5,0.0,1,1,1,0,0,0.0,1,False,True
0.49152542372881364,0.1684836471754212,0.6000000000000001,0.0,0.3333333333333333,1,1,0,0,1,0.0,0,False,False
0.49152542372881364,0.43805748265609507,0.4000000000000001,0.0,0.0,1,0,1,0,1,0.0,1,False,False
0.49152542372881364,0.49752229930624375,0.4000000000000001,0.0,0.0,1,0,1,0,1,0.6666666666666666,1,True,False
0.49152542372881364,0.4499504459861248,0.4000000000000001,0.0,0.0,1,1,1,0,0,0.6666666666666666,1,False,False
0.49152542372881364,0.5184340931615461,0.4000000000000001,0.0,0.3333333333333333,1,1,1,0,1,0.0,1,True,False
0.49152542372881364,0.42160555004955397,0.6000000000000001,0.5,0.0,1,0,1,0,0,0.3333333333333333,1,True,False
0.49152542372881364,0.5272547076313181,0.6000000000000001,0.5,0.3333333333333333,1,0,0,0,0,0.0,0,False,False
0.49152542372881364,0.44846382556987113,0.4000000000000001,0.5,1.0,1,0,0,0,0,0.3333333333333333,0,False,False
0.4830508474576271,0.5113974231912786,0.4000000000000001,0.0,0.0,1,0,1,0,0,0.6666666666666666,1,False,True
0.4830508474576271,0.44598612487611494,0.4000000000000001,0.5,0.6666666666666667,1,0,0,0,1,0.0,0,False,True
0.48220338983050853,0.3468780971258672,0.4000000000000001,0.0,0.6666666666666667,1,1,0,0,1,0.3333333333333333,0,False,False
0.48220338983050853,0.9375619425173438,0.4000000000000001,0.0,0.6666666666666667,1,0,0,0,0,0.6666666666666666,1,True,False
0.48135593220338985,0.27750247770069375,0.4000000000000001,0.0,0.0,1,1,1,0,0,0.0,0,False,True
0.4745762711864407,0.37938553022794846,0.6000000000000001,0.0,1.0,1,1,0,0,0,0.0,0,True,False
0.4745762711864407,0.3171456888007928,0.4000000000000001,0.0,0.6666666666666667,1,0,0,0,1,0.0,0,True,False
0.4745762711864407,0.27750247770069375,0.4000000000000001,0.0,0.6666666666666667,1,0,0,0,1,0.0,0,False,True
0.4737288135593221,0.49554013875123887,0.4000000000000001,0.0,0.0,1,0,1,0,0,0.6666666666666666,1,True,False
0.4703389830508475,0.396432111000991,0.4000000000000001,0.5,1.0,1,0,0,0,1,0.0,0,False,True
0.46610169491525427,0.33696729435084244,0.6000000000000001,0.5,0.3333333333333333,1,0,0,0,1,0.6666666666666666,0,False,True
0.46610169491525427,0.2616451932606541,0.6000000000000001,0.0,0.3333333333333333,1,0,0,0,0,0.3333333333333333,0,True,False
0.46610169491525427,0.2973240832507433,0.4000000000000001,0.0,0.6666666666666667,1,0,0,0,1,0.0,0,True,False
0.46610169491525427,0.4321110009910803,0.4000000000000001,0.0,0.0,1,1,1,0,1,0.6666666666666666,1,False,False
0.46610169491525427,0.3766105054509415,0.4000000000000001,0.5,1.0,1,0,0,0,1,0.0,0,False,True
0.45550847457627125,0.4618434093161546,0.6000000000000001,0.5,0.3333333333333333,1,1,1,0,0,0.3333333333333333,1,True,False
0.44915254237288144,0.842418235877106,0.6000000000000001,0.5,0.3333333333333333,1,0,0,0,0,0.3333333333333333,0,True,False
0.44915254237288144,0.27750247770069375,0.8,0.5,0.6666666666666667,0,0,1,1,0,0.0,0,False,True
0.44915254237288144,0.267591674925669,0.6000000000000001,0.0,0.3333333333333333,1,1,1,0,1,0.3333333333333333,0,False,False
0.44915254237288144,0.2973240832507433,0.4000000000000001,0.0,1.0,1,0,0,0,0,0.0,0,False,False
0.44915254237288144,0.842418235877106,0.2,0.0,0.0,1,0,0,0,0,0.3333333333333333,0,True,False
0.44915254237288144,0.3468780971258672,0.4000000000000001,0.5,0.3333333333333333,1,0,0,0,0,0.3333333333333333,0,True,False
0.44915254237288144,0.4321110009910803,0.4000000000000001,0.0,0.6666666666666667,1,0,0,0,0,0.0,1,True,False
0.44915254237288144,0.4558969276511397,0.6000000000000001,0.5,0.0,1,0,1,0,0,0.0,1,True,False
0.44915254237288144,0.310802775024777,0.4000000000000001,0.0,0.3333333333333333,1,1,1,0,1,0.0,1,False,True
0.4449152542372881,0.23785926660059464,0.6000000000000001,0.0,0.3333333333333333,1,0,0,0,1,0.6666666666666666,1,True,False
0.4449152542372881,0.33696729435084244,0.8,0.0,0.3333333333333333,1,1,1,0,1,0.0,1,False,False
0.4406779661016949,0.12884043607532208,0.4000000000000001,1.0,0.3333333333333333,1,0,1,0,0,0.0,0,True,False
0.4406779661016949,0.1635282457879088,0.4000000000000001,0.5,0.3333333333333333,1,0,0,0,0,0.6666666666666666,0,True,False
0.4406779661016949,0.4063429137760158,0.4000000000000001,0.5,0.0,1,0,1,0,0,0.6666666666666666,1,False,False
0.43983050847457633,0.485629335976214,0.4000000000000001,0.0,0.0,1,1,1,0,0,0.0,1,True,False
0.4364406779661017,0.08097125867195243,0.6000000000000001,0.5,0.3333333333333333,0,1,1,0,0,0.3333333333333333,0,False,False
0.4364406779661017,0.5926660059464817,0.4000000000000001,0.0,0.0,1,0,0,0,0,0.6666666666666666,0,True,False
0.4322033898305085,0.11397423191278494,0.4000000000000001,0.5,0.0,1,1,1,0,1,0.0,0,False,False
0.4322033898305085,0.41724479682854304,0.6000000000000001,0.0,1.0,1,1,0,0,1,0.0,0,False,False
0.4322033898305085,0.4063429137760158,0.4000000000000001,0.0,0.6666666666666667,1,1,0,0,1,0.0,1,True,False
0.4322033898305085,0.4558969276511397,0.6000000000000001,0.5,0.3333333333333333,1,1,1,0,0,0.0,1,True,False
0.4279661016949153,0.4781962338949454,0.4000000000000001,0.0,0.0,1,1,1,0,1,0.0,1,True,False
0.42372881355932207,0.46679881070366697,0.4000000000000001,0.5,0.3333333333333333,1,1,1,0,0,0.3333333333333333,1,False,False
0.4228813559322034,0.44103072348860256,0.4000000000000001,0.5,0.0,1,1,1,1,0,0.0,0,False,True
0.41525423728813565,0.5748265609514371,0.4000000000000001,0.0,0.0,1,0,1,0,1,0.6666666666666666,1,False,True
0.41101694915254244,0.25768087215064417,0.2,0.5,0.0,1,0,0,0,1,0.6666666666666666,0,True,False
0.40677966101694923,0.22398414271555994,0.6000000000000001,0.0,0.3333333333333333,1,0,1,0,1,0.0,0,False,False
0.40677966101694923,0.4499504459861248,0.6000000000000001,0.5,0.3333333333333333,0,0,0,0,1,0.0,0,True,False
0.40677966101694923,0.3468780971258672,0.4000000000000001,0.5,0.0,1,0,1,0,0,0.0,0,True,False
0.40677966101694923,0.8195242814667989,0.4000000000000001,0.0,0.0,1,0,0,0,0,0.3333333333333333,1,True,False
0.40677966101694923,0.6342913776015857,0.4000000000000001,0.0,0.3333333333333333,1,1,1,0,1,0.6666666666666666,1,False,True
0.40677966101694923,0.32705649157581757,0.6000000000000001,0.5,0.0,1,0,0,0,1,0.0,1,False,True
0.40677966101694923,0.17839444995044595,0.4000000000000001,0.0,0.3333333333333333,1,1,1,0,0,0.3333333333333333,1,False,True
0.40677966101694923,0.7730426164519326,0.6000000000000001,0.5,0.3333333333333333,1,1,0,0,0,0.6666666666666666,0,True,False
0.40677966101694923,0.6461843409316155,0.4000000000000001,0.0,0.0,1,0,0,0,1,0.6666666666666666,0,False,False
0.40593220338983055,0.4013875123885034,0.4000000000000001,0.0,0.0,1,0,1,0,0,0.0,1,True,False
0.4042372881355933,0.5039643211100098,0.4000000000000001,0.0,0.0,1,1,1,0,0,0.6666666666666666,1,True,False
0.4025423728813559,0.11694747274529238,0.4000000000000001,0.5,0.3333333333333333,1,0,0,0,0,0.6666666666666666,0,True,False
0.4025423728813559,0.2477700693756194,0.6000000000000001,0.5,0.0,0,0,1,0,1,0.6666666666666666,0,True,False
0.4025423728813559,0.5153617443012883,0.4000000000000001,0.0,0.3333333333333333,1,1,1,0,0,0.3333333333333333,1,False,False
0.3940677966101695,0.13974231912784935,0.4000000000000001,0.0,0.3333333333333333,0,0,0,0,1,0.0,0,True,False
0.3940677966101695,0.5926660059464817,0.4000000000000001,0.0,0.0,1,0,0,0,0,0.3333333333333333,1,True,False
0.3898305084745763,0.09910802775024774,0.4000000000000001,0.5,0.3333333333333333,1,1,1,0,0,0.0,0,False,False
0.3898305084745763,0.09910802775024774,0.4000000000000001,0.0,0.3333333333333333,1,0,1,0,0,0.0,0,False,True
0.3898305084745763,0.9326065411298314,0.2,0.0,0.3333333333333333,1,0,0,0,0,0.0,1,False,False
0.3898305084745763,0.4063429137760158,0.4000000000000001,0.0,0.0,1,0,1,0,1,0.0,1,True,False
0.3855932203389831,0.3686818632309217,0.2,0.0,0.3333333333333333,1,0,0,0,1,0.0,1,False,True
0.38135593220338987,0.15262636273538155,0.2,0.0,0.0,0,1,1,0,0,0.0,0,True,False
0.38135593220338987,0.5550049554013874,0.6000000000000001,0.0,0.3333333333333333,1,0,0,0,1,0.6666666666666666,0,False,False
0.38135593220338987,0.8622398414271557,0.4000000000000001,0.0,0.3333333333333333,1,1,1,0,0,0.0,0,True,False
0.38135593220338987,0.4558969276511397,0.4000000000000001,0.0,0.0,1,1,1,0,0,0.0,1,False,False
0.3805084745762712,0.27750247770069375,0.2,0.0,0.0,1,1,1,0,0,0.0,0,True,False
0.37711864406779666,0.6095143706640238,0.4000000000000001,0.5,0.0,1,1,1,0,0,0.0,0,True,False
0.37288135593220345,0.2388503468780971,0.6000000000000001,1.0,0.3333333333333333,1,0,1,0,0,0.6666666666666666,0,True,False
0.37288135593220345,0.5635282457879087,0.4000000000000001,0.0,0.0,1,1,1,1,0,0.0,0,True,False
0.3711864406779661,0.07928642220019821,0.4000000000000001,0.5,0.3333333333333333,0,0,1,0,1,0.3333333333333333,0,True,False
0.36864406779661024,0.3912784935579782,0.4000000000000001,0.0,0.3333333333333333,1,0,0,0,1,0.0,0,True,False
0.3652542372881356,0.21803766105054506,0.4000000000000001,0.0,0.3333333333333333,1,0,0,0,0,0.3333333333333333,0,False,False
0.3644067796610169,0.24975222993062435,0.4000000000000001,0.0,0.3333333333333333,1,0,1,0,1,0.0,0,True,False
0.3644067796610169,0.20763131813676905,0.4000000000000001,0.0,0.3333333333333333,0,1,1,0,1,0.0,0,True,False
0.3644067796610169,0.21010901883052524,0.2,0.0,0.0,1,0,1,0,0,0.3333333333333333,0,True,False
0.3644067796610169,0.33696729435084244,0.6000000000000001,0.0,0.3333333333333333,1,0,0,0,0,0.0,0,True,False
0.3644067796610169,0.2745292368681863,0.4000000000000001,0.0,0.0,1,1,1,0,0,0.0,0,True,False
0.3644067796610169,0.4261645193260654,0.4000000000000001,0.0,0.0,1,0,0,0,1,0.6666666666666666,0,True,False
0.3644067796610169,0.3766105054509415,0.2,0.0,0.0,1,1,1,0,1,0.0,0,True,False
0.3644067796610169,0.09910802775024774,0.4000000000000001,0.0,0.3333333333333333,1,0,1,0,1,0.0,0,True,False
0.3644067796610169,0.0961347869177403,0.4000000000000001,0.0,0.6666666666666667,1,0,0,0,0,0.0,0,True,False
0.3644067796610169,0.46778989098116946,0.4000000000000001,0.0,0.0,1,0,0,0,0,0.0,0,False,True
0.3644067796610169,0.26223984142715556,0.4000000000000001,0.0,0.3333333333333333,1,1,1,0,0,0.6666666666666666,0,True,False
0.36355932203389835,0.14073339940535184,0.6000000000000001,0.5,0.3333333333333333,1,0,1,0,1,0.6666666666666666,0,True,False
0.36355932203389835,0.296828543111992,0.6000000000000001,0.5,0.0,1,0,1,0,0,0.0,0,True,False
0.3601694915254237,0.23290386521308226,0.2,0.0,0.0,1,0,1,0,0,0.0,0,False,True
0.3559322033898305,0.21407333994053518,0.4000000000000001,0.0,0.6666666666666667,1,0,0,0,0,0.0,0,False,True
0.3559322033898305,0.400396432111001,0.4000000000000001,0.0,0.0,1,0,0,0,0,0.6666666666666666,1,True,False
0.3559322033898305,0.48186323092170463,0.4000000000000001,0.0,0.3333333333333333,1,0,0,0,1,0.6666666666666666,1,False,False
0.3559322033898305,0.27898909811694744,0.2,0.0,0.0,1,0,0,0,1,0.0,1,True,False
0.3516949152542373,0.49554013875123887,0.4000000000000001,0.0,0.3333333333333333,1,0,1,0,0,0.0,0,False,True
0.3516949152542373,0.6045589692765114,0.6000000000000001,0.0,1.0,1,0,1,0,1,0.6666666666666666,0,True,False
0.34830508474576277,0.14073339940535184,0.6000000000000001,0.5,0.3333333333333333,1,0,0,0,0,0.0,0,True,False
0.3474576271186441,0.7102081268582754,0.2,0.0,0.0,1,0,1,0,1,0.6666666666666666,0,True,False
0.3474576271186441,0.42824578790882056,0.4000000000000001,0.0,0.3333333333333333,1,0,1,0,1,0.3333333333333333,0,False,False
0.3474576271186441,0.8166501486620417,0.2,0.0,0.0,1,0,0,0,1,0.6666666666666666,1,False,True
0.3466101694915254,0.44003964321110006,0.2,0.0,0.0,1,0,0,0,1,1.0,0,True,False
0.33898305084745767,0.3141724479682854,0.4000000000000001,0.0,1.0,1,0,0,0,1,0.0,0,True,False
0.33898305084745767,0.396432111000991,0.2,0.0,0.0,1,0,1,0,1,0.3333333333333333,0,False,False
0.33898305084745767,0.16154608523290387,0.4000000000000001,0.0,0.3333333333333333,1,0,0,0,0,0.6666666666666666,0,True,False
0.33898305084745767,0.7598612487611496,0.6000000000000001,0.5,0.3333333333333333,1,1,1,0,0,0.3333333333333333,0,True,False
0.33898305084745767,0.33696729435084244,0.2,0.0,0.3333333333333333,1,0,0,0,0,0.0,1,True,False
0.33898305084745767,0.22993062438057482,0.4000000000000001,0.0,0.0,1,0,0,0,0,0.0,1,True,False
0.33474576271186446,0.17294350842418232,0.4000000000000001,0.0,0.3333333333333333,1,0,1,0,0,0.0,0,False,False
0.33050847457627125,0.21407333994053518,0.4000000000000001,0.0,0.0,1,1,1,0,1,0.0,0,False,True
0.33050847457627125,0.18632309217046578,0.4000000000000001,0.5,0.3333333333333333,1,0,1,0,0,0.6666666666666666,0,True,False
0.33050847457627125,0.36471754212091173,0.4000000000000001,0.0,0.3333333333333333,1,1,0,0,1,0.3333333333333333,0,True,False
0.33050847457627125,0.08622398414271554,0.2,0.0,0.3333333333333333,1,1,1,0,0,0.0,1,True,False
0.33050847457627125,0.2983151635282458,0.4000000000000001,0.0,0.3333333333333333,1,0,1,0,0,0.0,0,True,False
0.32966101694915256,0.2487611496531219,0.6000000000000001,0.5,0.3333333333333333,1,0,1,0,0,0.0,0,True,False
0.32627118644067804,0.19821605550049554,0.4000000000000001,0.0,0.3333333333333333,1,0,0,0,0,0.3333333333333333,0,False,False
0.32627118644067804,0.1823587710604559,0.4000000000000001,0.0,0.3333333333333333,1,0,0,0,0,0.3333333333333333,1,True,False
0.3220338983050847,0.17443012884043607,0.4000000000000001,0.0,0.0,1,0,0,0,0,0.6666666666666666,0,True,False
0.3220338983050847,0.1625371655104063,0.4000000000000001,0.0,0.3333333333333333,1,0,0,0,1,0.0,0,False,False
0.3220338983050847,0.05450941526263625,0.4000000000000001,0.0,0.3333333333333333,1,0,1,0,0,0.0,0,False,False
0.3220338983050847,0.32903865213082256,0.4000000000000001,0.0,0.3333333333333333,1,1,1,0,0,0.0,1,True,False
0.3220338983050847,0.33300297324083244,0.4000000000000001,0.0,0.3333333333333333,1,0,0,0,0,0.6666666666666666,1,False,True
0.3220338983050847,0.1506442021803766,0.4000000000000001,0.0,0.0,1,0,0,0,0,0.0,1,True,False
0.3220338983050847,0.6342913776015857,0.6000000000000001,0.0,1.0,1,0,0,0,0,1.0,0,False,True
0.32118644067796615,0.2081268582755203,0.2,0.5,0.0,1,1,1,0,0,0.0,0,True,False
0.32118644067796615,0.29633300297324083,0.6000000000000001,0.5,0.3333333333333333,1,1,1,0,0,0.0,1,False,False
0.3177966101694915,0.1496531219028741,0.4000000000000001,0.0,0.6666666666666667,1,0,0,0,0,0.0,0,True,False
0.3177966101694915,0.14370664023785923,0.4000000000000001,0.0,0.3333333333333333,1,0,1,0,0,0.3333333333333333,0,True,False
0.3177966101694915,0.7789890981169474,0.4000000000000001,0.0,0.0,1,0,0,0,0,0.0,0,True,False
0.3177966101694915,0.1506442021803766,0.2,0.0,0.3333333333333333,1,0,0,0,0,0.0,1,False,False
0.3135593220338983,0.2487611496531219,0.6000000000000001,0.0,0.3333333333333333,1,0,0,0,1,0.6666666666666666,0,True,False
0.3135593220338983,0.38503468780971256,0.2,0.0,0.0,1,0,0,0,1,0.3333333333333333,0,False,True
0.3135593220338983,0.19821605550049554,0.4000000000000001,0.0,0.3333333333333333,1,0,0,0,0,0.6666666666666666,0,False,False
0.3135593220338983,0.6194251734390486,0.4000000000000001,0.0,0.0,1,0,0,0,0,0.0,0,False,False
0.3135593220338983,0.20218037661050542,0.4000000000000001,0.0,0.3333333333333333,1,0,0,0,0,0.3333333333333333,0,True,False
0.3127118644067797,0.4321110009910803,0.2,0.0,0.0,1,0,1,0,1,0.3333333333333333,0,False,False
0.3127118644067797,0.1151635282457879,0.4000000000000001,0.0,0.3333333333333333,1,0,0,0,1,0.3333333333333333,0,False,False
0.3127118644067797,0.1496531219028741,0.4000000000000001,0.0,0.3333333333333333,1,0,0,0,0,0.0,0,True,False
0.3093220338983051,0.17343904856293357,0.2,0.0,0.0,1,1,1,0,0,0.0,0,True,False
0.3050847457627119,0.19504459861248757,0.4000000000000001,0.0,0.3333333333333333,0,0,0,0,0,0.0,0,True,False
0.3050847457627119,0.2874132804757185,0.2,0.0,0.3333333333333333,1,0,1,0,0,0.0,0,True,False
0.3042372881355932,0.08721506442021804,0.4000000000000001,0.0,0.3333333333333333,1,0,0,0,0,0.0,1,True,False
0.3042372881355932,0.28543111992071357,0.4000000000000001,0.0,0.0,1,0,0,0,0,0.6666666666666666,1,False,True
0.3042372881355932,0.28939544103072345,0.4000000000000001,0.0,0.3333333333333333,1,0,0,0,0,0.3333333333333333,0,True,False
0.30169491525423736,0.2923686818632309,0.6000000000000001,0.0,0.3333333333333333,1,0,0,0,1,0.0,0,True,False
0.3008474576271187,0.18830525272547077,0.4000000000000001,0.0,0.3333333333333333,1,0,0,0,0,0.0,0,False,True
0.29661016949152547,0.2477700693756194,0.4000000000000001,0.5,0.6666666666666667,1,0,0,1,0,0.3333333333333333,0,False,False
0.29661016949152547,0.2056491575817641,0.4000000000000001,0.0,0.0,1,1,1,0,0,0.6666666666666666,0,True,False
0.29661016949152547,0.14866204162537167,0.6000000000000001,0.0,0.3333333333333333,1,0,0,0,0,0.6666666666666666,0,False,False
0.29661016949152547,0.44103072348860256,0.6000000000000001,0.0,0.3333333333333333,1,0,0,0,0,0.0,0,True,False
0.2940677966101695,0.20138751238850344,0.2,0.0,0.0,1,0,1,0,0,0.0,0,False,False
0.29237288135593226,0.23785926660059464,0.2,0.0,0.0,1,0,0,0,0,0.3333333333333333,0,True,False
0.29237288135593226,0.8285431119920714,0.2,0.0,0.0,1,0,0,0,0,0.3333333333333333,1,True,False
0.2889830508474576,0.13875123885034685,0.4000000000000001,0.0,0.3333333333333333,1,0,1,0,0,0.6666666666666666,1,True,False
0.28813559322033905,0.4321110009910803,0.2,0.0,0.0,1,0,0,0,0,0.0,0,False,False
0.28813559322033905,0.4321110009910803,0.2,0.0,0.3333333333333333,1,0,0,0,0,0.0,0,False,True
0.28813559322033905,0.2477700693756194,0.2,0.0,0.0,1,0,0,0,1,0.6666666666666666,0,False,False
0.28813559322033905,0.017343904856293363,0.4000000000000001,0.0,0.3333333333333333,0,1,1,0,1,0.0,0,False,True
0.28813559322033905,0.2338949454905847,0.6000000000000001,0.0,0.3333333333333333,1,0,0,0,0,0.0,0,False,False
0.28813559322033905,0.5718533201189295,0.2,0.0,0.0,1,0,0,0,0,0.3333333333333333,0,False,False
0.28389830508474584,0.4608523290386521,0.4000000000000001,0.0,0.3333333333333333,1,1,0,0,0,0.0,0,True,False
0.28389830508474584,0.07799801783944499,0.4000000000000001,0.0,0.0,1,0,1,0,0,0.0,1,False,False
0.2796610169491525,0.3468780971258672,0.4000000000000001,0.0,0.3333333333333333,1,0,0,0,1,0.0,0,False,True
0.2796610169491525,0.3012884043607532,0.4000000000000001,0.0,0.3333333333333333,1,0,1,0,1,0.0,0,False,True
0.2796610169491525,0.38156590683845387,0.2,0.0,0.0,1,1,1,0,0,0.6666666666666666,0,True,False
0.2796610169491525,0.06045589692765113,0.6000000000000001,1.0,0.3333333333333333,0,0,0,0,0,0.0,0,True,False
0.2796610169491525,0.09444995044598614,0.4000000000000001,0.0,0.3333333333333333,1,0,1,0,1,0.0,0,False,True
0.2796610169491525,0.07403369672943505,0.6000000000000001,0.5,0.3333333333333333,0,0,0,0,0,0.0,0,True,False
0.2796610169491525,0.2388503468780971,0.2,0.0,0.0,0,0,0,0,0,0.3333333333333333,0,False,True
0.2796610169491525,0.19821605550049554,0.6000000000000001,0.5,0.3333333333333333,0,0,0,0,0,0.0,0,True,False
0.2796610169491525,0.03221010901883051,0.4000000000000001,0.0,0.3333333333333333,0,0,0,0,0,0.0,0,True,False
0.2796610169491525,0.25768087215064417,0.4000000000000001,0.5,0.3333333333333333,1,0,0,0,1,0.3333333333333333,0,True,False
0.2796610169491525,0.1625371655104063,0.4000000000000001,0.5,0.3333333333333333,1,0,1,0,0,0.0,0,False,True
0.2796610169491525,0.3766105054509415,0.4000000000000001,0.0,0.0,1,0,0,1,0,0.6666666666666666,0,True,False
0.2796610169491525,0.49554013875123887,0.4000000000000001,0.0,0.0,1,0,0,0,0,1.0,0,False,False
0.2796610169491525,0.2060455896927651,0.4000000000000001,0.0,0.6666666666666667,1,0,0,0,0,0.0,0,True,False
0.2796610169491525,0.1506442021803766,0.4000000000000001,0.0,0.3333333333333333,1,0,0,0,0,0.0,1,True,False
0.2796610169491525,0.014370664023785923,0.4000000000000001,0.0,0.6666666666666667,1,0,0,0,0,0.3333333333333333,1,False,True
0.2796610169491525,0.2477700693756194,0.4000000000000001,0.0,0.0,1,0,1,0,0,0.0,0,False,False
0.27881355932203394,0.6194251734390486,0.4000000000000001,0.0,0.0,1,0,1,0,0,1.0,0,True,False
0.27881355932203394,0.14370664023785923,0.4000000000000001,0.0,0.3333333333333333,1,0,0,0,0,0.3333333333333333,0,True,False
0.2754237288135593,0.28146679881070363,0.4000000000000001,0.0,0.3333333333333333,1,0,0,0,0,0.3333333333333333,0,True,False
0.2754237288135593,0.20614469772051536,0.4000000000000001,0.0,0.3333333333333333,1,0,0,0,0,0.6666666666666666,0,True,False
0.2754237288135593,0.20277502477700693,0.4000000000000001,0.0,0.3333333333333333,1,0,1,0,0,0.3333333333333333,0,True,False
0.2711864406779661,0.26085232903865213,0.6000000000000001,0.0,0.3333333333333333,1,0,0,0,1,0.0,0,True,False
0.2711864406779661,0.3949454905847373,0.4000000000000001,0.0,0.0,1,0,1,0,0,0.0,0,True,False
0.27033898305084747,0.4023785926660059,0.2,0.0,0.0,1,0,1,0,0,0.3333333333333333,0,True,False
0.26737288135593223,0.15857284440039643,0.4000000000000001,0.0,0.0,1,0,1,0,1,0.0,1,False,False
0.2669491525423729,0.16650148662041625,0.4000000000000001,0.5,0.3333333333333333,1,0,0,0,0,0.0,0,True,False
0.2669491525423729,0.20218037661050542,0.2,0.0,0.3333333333333333,1,0,0,0,0,0.3333333333333333,0,True,False
0.2669491525423729,0.35678889990089196,0.2,0.0,0.0,1,0,0,0,1,0.0,0,True,False
0.2627118644067797,0.38652130822596625,0.6000000000000001,0.5,0.3333333333333333,0,0,1,0,0,0.3333333333333333,0,False,True
0.2627118644067797,0.2965312190287413,0.4000000000000001,0.5,0.3333333333333333,1,0,0,0,0,0.6666666666666666,0,False,True
0.2627118644067797,0.23191278493557976,0.4000000000000001,0.0,0.0,1,0,0,0,0,0.0,0,True,False
0.2627118644067797,0.09910802775024774,0.6000000000000001,0.0,0.6666666666666667,1,0,1,0,1,0.6666666666666666,0,True,False
0.2627118644067797,0.22993062438057482,0.4000000000000001,0.0,0.3333333333333333,1,0,0,0,0,0.6666666666666666,1,False,False
0.2584745762711865,0.16154608523290387,0.4000000000000001,0.5,0.3333333333333333,1,0,0,1,0,0.6666666666666666,0,True,False
0.2584745762711865,0.14469772051536173,0.4000000000000001,0.5,0.0,1,0,1,0,1,0.3333333333333333,0,False,False
0.2584745762711865,0.33696729435084244,0.4000000000000001,0.0,0.0,1,0,0,0,0,1.0,0,True,False
0.25635593220338987,0.2477700693756194,0.4000000000000001,0.0,0.3333333333333333,0,0,1,0,1,0.0,0,True,False
0.25635593220338987,0.14469772051536173,0.6000000000000001,0.0,0.3333333333333333,1,0,0,0,1,0.0,0,True,False
0.25423728813559326,0.2081268582755203,0.6000000000000001,0.0,0.0,0,0,1,0,0,0.0,0,False,True
0.25423728813559326,0.44400396432110995,0.4000000000000001,0.0,0.3333333333333333,0,0,0,0,1,0.3333333333333333,0,True,False
0.25423728813559326,0.2477700693756194,0.4000000000000001,0.5,0.3333333333333333,0,0,1,0,1,0.0,0,True,False
0.25423728813559326,0.1942517343904856,0.4000000000000001,0.0,0.3333333333333333,1,0,0,0,0,0.0,0,False,False
0.25423728813559326,0.20317145688800792,0.2,0.0,0.3333333333333333,1,1,1,0,0,0.0,1,False,True
0.2457627118644068,0.5213082259663033,0.4000000000000001,0.5,0.0,1,1,1,0,0,1.0,0,False,False
0.2457627118644068,0.3468780971258672,0.6000000000000001,0.0,0.3333333333333333,1,1,1,0,0,0.0,0,True,False
0.2457627118644068,0.09910802775024774,0.4000000000000001,0.0,0.3333333333333333,1,0,0,0,0,0.0,0,True,False
0.2457627118644068,0.12784935579781959,0.2,0.0,0.0,1,0,0,1,0,0.3333333333333333,0,False,False
0.2457627118644068,0.17998017839444996,0.2,0.0,0.0,1,0,1,0,1,0.6666666666666666,0,False,False
0.2457627118644068,0.6025768087215064,0.4000000000000001,0.0,0.0,1,0,0,0,1,0.6666666666666666,0,True,False
0.2457627118644068,0.014370664023785923,0.6000000000000001,0.5,0.0,1,0,1,0,0,0.0,1,False,True
0.24152542372881358,0.176412289395441,0.2,0.0,0.3333333333333333,1,1,1,0,0,0.0,0,True,False
0.24152542372881358,0.11694747274529238,0.6000000000000001,0.5,0.3333333333333333,1,0,0,0,0,0.0,0,False,False
0.23728813559322037,0.32705649157581757,0.8,0.5,0.3333333333333333,1,0,0,0,0,0.0,0,True,False
0.23728813559322037,0.11694747274529238,0.2,0.5,0.0,1,0,1,0,0,0.6666666666666666,0,True,False
0.23728813559322037,0.5106045589692765,0.4000000000000001,0.0,0.3333333333333333,1,0,0,0,1,0.0,0,False,False
0.23728813559322037,0.20614469772051536,0.2,0.0,0.0,1,0,0,0,0,0.0,0,True,False
0.23728813559322037,0.18334985133795834,0.2,0.0,0.0,1,0,0,0,0,0.0,0,True,False
0.23728813559322037,0.00148662041625372,0.4000000000000001,0.0,0.3333333333333333,1,0,1,0,0,0.0,1,True,False
0.23728813559322037,0.017443012884043596,0.2,0.0,0.3333333333333333,1,1,0,0,0,0.0,1,True,False
0.23559322033898306,0.13379583746283447,0.4000000000000001,0.0,0.3333333333333333,1,0,0,0,0,0.0,0,False,True
0.23305084745762716,0.11397423191278494,0.2,0.5,0.0,0,0,1,0,0,0.0,0,True,False
0.2288135593220339,0.2794846382556987,0.4000000000000001,0.0,0.3333333333333333,1,0,0,0,0,0.0,0,True,False
0.2288135593220339,0.14073339940535184,0.2,0.0,0.3333333333333333,1,0,0,1,0,0.3333333333333333,0,True,False
0.2288135593220339,0.15857284440039643,0.2,0.0,0.0,1,0,0,0,0,0.0,0,True,False
0.2288135593220339,0.379583746283449,0.2,0.0,0.0,1,0,0,0,0,0.6666666666666666,0,False,True
0.2288135593220339,0.0848364717542121,0.4000000000000001,0.0,0.6666666666666667,1,0,0,0,0,0.0,1,False,False
0.2288135593220339,0.6342913776015857,0.2,0.0,0.0,1,0,0,0,0,0.3333333333333333,0,False,False
0.22796610169491527,0.6194251734390486,0.4000000000000001,0.0,0.0,1,0,0,0,0,0.6666666666666666,0,False,False
0.22796610169491527,0.05153617443012884,0.8,0.5,0.0,0,0,1,0,1,0.3333333333333333,0,False,False
0.22796610169491527,0.4886025768087215,0.6000000000000001,0.0,0.3333333333333333,0,0,0,0,0,0.3333333333333333,0,False,False
0.2245762711864407,0.14667988107036667,0.2,0.0,0.0,1,0,0,0,0,0.0,1,True,False
0.22033898305084748,0.15857284440039643,0.4000000000000001,0.0,0.0,1,0,0,0,0,0.3333333333333333,0,False,True
0.22033898305084748,0.20218037661050542,0.2,0.0,0.0,1,0,0,0,0,0.0,0,True,False
0.22033898305084748,0.398414271555996,0.4000000000000001,0.0,0.0,1,0,0,0,0,0.0,0,True,False
0.22033898305084748,0.20317145688800792,0.2,0.0,0.0,1,0,0,0,0,0.0,0,False,False
0.22033898305084748,0.15698711595639248,0.2,0.0,0.0,1,0,0,1,0,0.0,0,True,False
0.21949152542372885,0.1110009910802775,0.4000000000000001,0.0,0.3333333333333333,0,0,1,1,0,0.0,0,True,False
0.21949152542372885,0.3419226957383548,0.2,0.0,0.0,1,0,0,0,0,0.0,0,False,False
0.21610169491525427,0.16154608523290387,0.2,0.0,0.0,1,0,1,0,0,0.0,0,False,False
0.21610169491525427,0.16154608523290387,0.2,0.0,0.0,1,0,0,0,1,0.0,0,False,True
0.21610169491525427,0.36075322101090185,0.2,0.0,0.0,0,0,0,0,0,0.0,0,True,False
0.21610169491525427,0.15857284440039643,0.2,0.0,0.0,1,0,0,0,0,0.0,0,False,False
0.211864406779661,0.22596630327056488,0.2,0.0,0.0,1,0,0,0,1,0.6666666666666666,0,True,False
0.211864406779661,0.155599603567889,0.4000000000000001,0.0,0.3333333333333333,1,0,1,0,0,0.0,0,True,False
0.211864406779661,0.11694747274529238,0.4000000000000001,0.0,0.3333333333333333,0,0,1,0,0,0.0,0,True,False
0.211864406779661,0.09910802775024774,0.2,0.0,0.3333333333333333,1,0,0,0,1,0.0,0,False,False
0.211864406779661,0.1506442021803766,0.2,0.5,0.0,1,0,1,0,0,0.0,0,True,False
0.211864406779661,0.39246778989098113,0.4000000000000001,0.0,0.3333333333333333,1,1,1,0,0,0.0,0,False,True
0.211864406779661,0.21110009910802774,0.4000000000000001,0.5,0.3333333333333333,1,0,0,0,0,0.6666666666666666,0,True,False
0.211864406779661,0.0842418235877106,0.4000000000000001,0.5,0.3333333333333333,0,0,1,0,0,0.0,1,False,True
0.211864406779661,0.027254707631318126,0.4000000000000001,0.0,0.6666666666666667,1,0,0,1,1,0.0,1,True,False
0.21101694915254238,0.1506442021803766,0.4000000000000001,0.0,0.0,1,0,0,0,0,0.6666666666666666,1,False,True
0.2076271186440678,0.2477700693756194,0.2,0.0,0.0,1,0,0,0,0,0.0,0,True,False
0.2076271186440678,0.19821605550049554,0.2,0.0,0.0,1,0,0,0,0,0.0,1,True,False
0.2033898305084746,0.11397423191278494,0.4000000000000001,0.0,0.3333333333333333,1,0,1,0,0,0.0,0,False,False
0.2033898305084746,0.2477700693756194,0.6000000000000001,0.5,0.3333333333333333,1,0,1,0,0,0.6666666666666666,0,False,False
0.2033898305084746,0.2477700693756194,0.2,0.0,0.0,0,0,0,0,0,0.0,0,False,False
0.2033898305084746,0.1625371655104063,0.2,0.0,0.0,1,0,0,0,0,0.0,0,False,True
0.19915254237288138,0.18334985133795834,0.4000000000000001,0.0,0.0,1,0,0,0,0,0.6666666666666666,0,False,True
0.19491525423728817,0.222001982160555,0.4000000000000001,0.0,0.3333333333333333,1,0,0,0,1,0.0,0,True,False
0.19491525423728817,0.1635282457879088,0.4000000000000001,0.0,0.3333333333333333,1,0,0,0,0,0.0,0,False,True
0.19491525423728817,0.25768087215064417,0.6000000000000001,0.0,0.3333333333333333,1,0,0,0,0,0.0,0,True,False
0.19491525423728817,0.013379583746283452,0.4000000000000001,0.5,0.3333333333333333,0,0,0,0,0,0.0,0,False,True
0.19491525423728817,0.10267591674925669,0.4000000000000001,0.0,0.3333333333333333,1,0,1,0,0,0.0,0,True,False
0.19491525423728817,0.19722497522299304,0.4000000000000001,0.0,0.3333333333333333,1,0,0,0,0,0.0,0,True,False
0.19491525423728817,0.5375619425173439,0.4000000000000001,0.0,0.0,0,0,0,0,0,0.0,0,False,True
0.19491525423728817,0.14667988107036667,0.4000000000000001,0.0,0.0,0,0,0,0,1,0.0,0,False,True
0.19491525423728817,0.15857284440039643,1.0000000000000002,0.0,0.3333333333333333,1,0,0,0,0,0.3333333333333333,0,False,True
0.19491525423728817,0.1625371655104063,0.2,0.0,0.0,1,0,0,0,0,0.3333333333333333,0,True,False
0.19491525423728817,0.38652130822596625,0.2,0.0,0.0,1,0,0,0,0,0.3333333333333333,0,False,False
0.19491525423728817,0.1110009910802775,0.4000000000000001,0.0,0.3333333333333333,1,0,0,0,0,0.3333333333333333,0,False,True
0.19491525423728817,0.5302279484638255,0.2,0.0,0.0,1,0,0,0,0,0.3333333333333333,0,True,False
0.19491525423728817,0.14985133795837463,0.2,0.0,0.0,1,0,0,0,0,0.3333333333333333,1,False,True
0.19491525423728817,0.7433102081268583,0.4000000000000001,0.0,0.3333333333333333,1,0,0,0,0,1.0,1,False,True
0.19491525423728817,0.38453914767096137,0.2,0.0,0.0,1,0,0,0,0,0.0,0,False,True
0.19406779661016949,0.2874132804757185,0.4000000000000001,0.0,0.3333333333333333,0,0,0,0,0,0.0,0,False,True
0.1906779661016949,0.10505450941526262,0.4000000000000001,0.0,0.0,1,0,0,0,0,0.0,0,False,True
0.1906779661016949,0.32903865213082256,0.2,0.0,0.0,1,0,0,0,0,0.3333333333333333,1,False,True
0.1906779661016949,0.014370664023785923,0.4000000000000001,0.0,0.6666666666666667,1,0,0,0,0,0.0,1,False,False
0.1864406779661017,0.19821605550049554,0.2,0.0,0.0,1,0,0,0,0,0.0,0,False,True
0.1864406779661017,0.11744301288404357,0.2,0.0,0.0,1,0,0,0,0,0.6666666666666666,0,False,True
0.1864406779661017,0.18334985133795834,0.4000000000000001,0.0,0.0,1,0,0,0,0,0.0,0,False,True
0.1864406779661017,0.014370664023785923,0.4000000000000001,0.0,0.6666666666666667,1,0,0,0,0,0.0,1,False,False
0.1864406779661017,0.06045589692765113,0.4000000000000001,0.0,0.3333333333333333,1,0,1,0,0,0.0,1,False,True
0.18559322033898307,0.20218037661050542,0.2,0.0,0.0,1,0,0,0,0,0.0,0,False,True
0.1822033898305085,0.27601585728444,0.4000000000000001,0.0,0.3333333333333333,1,1,1,0,1,0.3333333333333333,0,False,False
0.1822033898305085,0.14370664023785923,0.4000000000000001,0.0,0.0,1,0,1,0,0,0.6666666666666666,0,False,True
0.1822033898305085,0.1625371655104063,0.2,0.0,0.0,1,0,0,0,0,0.0,0,False,False
0.17796610169491528,0.14866204162537167,0.6000000000000001,0.0,0.3333333333333333,1,0,0,0,1,0.6666666666666666,0,False,True
0.17796610169491528,0.2933597621407334,0.6000000000000001,0.0,0.6666666666666667,0,0,0,0,0,0.0,0,True,False
0.17796610169491528,0.21010901883052524,0.2,0.0,0.3333333333333333,1,0,0,0,0,0.0,0,False,True
0.17796610169491528,0.27254707631318137,0.2,0.0,0.0,1,0,0,0,0,0.0,0,False,True
0.17796610169491528,0.17046580773042613,0.2,0.0,0.0,0,0,0,0,1,0.0,0,False,True
0.17796610169491528,0.17343904856293357,0.4000000000000001,0.0,0.0,1,0,0,0,0,0.0,0,False,True
0.17796610169491528,0.10901883052527256,0.4000000000000001,0.0,0.3333333333333333,0,0,1,0,0,0.0,0,True,False
0.17796610169491528,0.11744301288404357,0.2,0.0,0.0,1,0,1,0,0,0.6666666666666666,0,False,False
0.17711864406779665,0.06937561942517345,0.4000000000000001,0.0,0.0,0,0,0,0,0,0.0,0,False,False
0.1745762711864407,0.014370664023785923,0.4000000000000001,0.0,0.3333333333333333,1,0,1,0,0,0.0,1,False,False
0.17372881355932207,0.20218037661050542,0.2,0.0,0.0,1,0,0,0,0,0.3333333333333333,0,False,True
0.17372881355932207,0.27502477700693756,0.6000000000000001,0.0,0.3333333333333333,1,0,0,0,0,0.0,0,False,True
0.1694915254237288,0.04955401387512387,0.2,0.0,0.0,0,0,0,0,1,0.0,0,False,True
0.1694915254237288,0.11694747274529238,0.6000000000000001,0.0,0.3333333333333333,1,0,1,0,1,0.0,0,False,True
0.1694915254237288,0.4023785926660059,0.4000000000000001,0.0,0.0,1,1,1,0,0,0.0,0,False,False
0.1694915254237288,0.14667988107036667,0.6000000000000001,0.0,0.3333333333333333,0,0,0,0,0,0.3333333333333333,0,True,False
0.1694915254237288,0.17760158572844398,0.6000000000000001,0.0,0.3333333333333333,1,0,0,0,0,0.0,0,True,False
0.1694915254237288,0.20218037661050542,0.2,0.0,0.0,1,0,0,0,0,0.0,0,False,True
0.1694915254237288,0.014370664023785923,0.4000000000000001,0.0,0.3333333333333333,1,0,1,0,0,0.0,1,False,False
0.1694915254237288,0.38453914767096137,0.4000000000000001,0.0,0.0,1,0,0,0,0,0.3333333333333333,0,False,True
0.1652542372881356,0.2477700693756194,0.2,0.0,0.0,0,0,0,0,0,0.0,0,True,False
0.1652542372881356,0.19127849355797816,0.2,0.0,0.0,0,0,0,0,0,0.0,0,False,True
0.16271186440677965,0.1625371655104063,0.6000000000000001,0.0,0.3333333333333333,1,0,1,0,0,0.0,0,False,True
0.1610169491525424,0.2348860257680872,0.4000000000000001,0.0,0.3333333333333333,1,0,0,0,0,0.0,0,False,True
0.1610169491525424,0.06778989098116944,0.2,0.0,0.0,1,0,0,0,1,0.3333333333333333,0,False,True
0.1610169491525424,0.22993062438057482,0.4000000000000001,0.0,0.0,0,0,0,0,0,0.3333333333333333,0,False,True
0.1610169491525424,0.1110009910802775,0.4000000000000001,0.0,0.3333333333333333,0,0,0,0,0,0.0,0,False,False
0.15254237288135597,0.14370664023785923,0.0,0.0,0.0,1,0,0,0,0,0.0,0,False,False
0.15254237288135597,0.19682854311199205,0.2,0.5,0.0,0,1,1,0,0,0.3333333333333333,0,False,True
0.15254237288135597,0.14866204162537167,0.2,0.0,0.0,0,0,1,0,0,0.0,0,True,False
0.15254237288135597,0.20763131813676905,0.2,0.0,0.0,1,0,0,0,0,0.6666666666666666,0,True,False
0.15254237288135597,0.14370664023785923,0.4000000000000001,0.0,0.3333333333333333,1,0,1,0,0,0.0,0,True,False
0.15254237288135597,0.47076313181367685,0.2,0.0,0.0,1,0,0,0,0,0.0,0,True,False
0.15254237288135597,0.6937561942517343,0.4000000000000001,0.0,0.3333333333333333,1,0,0,0,0,0.6666666666666666,0,True,False
0.15254237288135597,0.10594648166501486,0.2,0.0,0.0,1,0,0,0,0,0.3333333333333333,0,False,True
0.15169491525423728,0.2477700693756194,0.4000000000000001,0.0,0.3333333333333333,1,0,0,0,1,0.0,0,False,True
0.15000000000000002,0.3463825569871159,0.4000000000000001,0.0,0.0,1,0,1,0,0,0.0,0,False,True
0.148771186440678,0.03944499504459861,0.4000000000000001,0.0,0.0,1,0,0,0,0,0.0,1,True,False
0.1483050847457627,0.09910802775024774,0.4000000000000001,0.0,0.0,0,0,0,0,1,0.0,0,False,True
0.1483050847457627,0.18334985133795834,0.4000000000000001,0.0,0.3333333333333333,1,0,0,0,0,0.0,0,False,True
0.1483050847457627,0.14866204162537167,0.2,0.0,0.0,1,0,0,0,0,0.0,0,False,True
0.14491525423728813,0.6045589692765114,0.2,0.0,0.0,1,0,0,0,0,0.3333333333333333,0,False,True
0.1440677966101695,0.2933597621407334,0.2,0.0,0.0,1,0,1,0,1,0.0,0,False,True
0.1440677966101695,0.015857284440039643,0.4000000000000001,0.0,0.3333333333333333,0,0,1,0,0,0.0,0,True,False
0.1440677966101695,0.10802775024777006,0.2,0.0,0.0,1,1,1,0,0,0.0,0,False,True
0.1440677966101695,0.2477700693756194,0.2,0.0,0.3333333333333333,1,0,0,1,0,0.3333333333333333,0,True,False
0.1398305084745763,0.17839444995044595,0.2,0.0,0.0,1,0,0,0,0,0.0,0,False,True
0.13559322033898308,0.10802775024777006,0.4000000000000001,0.0,0.3333333333333333,0,0,0,0,0,0.0,0,True,False
0.13559322033898308,0.1228939544103072,0.4000000000000001,0.0,0.3333333333333333,1,0,0,0,0,0.6666666666666666,0,True,False
0.13559322033898308,0.0827552031714569,0.2,0.0,0.0,1,0,0,0,0,0.0,0,True,False
0.13559322033898308,0.25768087215064417,0.2,0.0,0.0,1,0,0,0,0,0.0,0,False,False
0.13559322033898308,0.3048562933597621,0.4000000000000001,0.0,0.0,0,0,0,0,0,0.0,0,False,True
0.13559322033898308,0.17343904856293357,0.4000000000000001,0.0,0.3333333333333333,1,0,0,0,0,0.0,0,False,True
0.13559322033898308,0.16154608523290387,0.6000000000000001,0.0,0.3333333333333333,1,0,0,0,0,1.0,0,True,False
0.13474576271186445,0.599603567888999,0.2,0.0,0.0,1,0,0,0,0,0.0,0,False,True
0.13135593220338987,0.23310208126858273,0.6000000000000001,0.0,0.3333333333333333,0,0,0,0,0,0.3333333333333333,0,False,True
0.12966101694915255,0.09910802775024774,0.2,0.0,0.3333333333333333,1,0,0,0,0,0.0,0,True,False
0.1271186440677966,0.38156590683845387,0.4000000000000001,0.0,0.3333333333333333,1,0,1,0,0,0.3333333333333333,0,False,True
0.1271186440677966,0.2933597621407334,0.2,0.0,0.0,1,0,0,0,0,0.0,0,False,True
0.1271186440677966,0.15857284440039643,0.4000000000000001,0.0,0.3333333333333333,0,0,0,0,0,0.3333333333333333,0,False,True
0.1271186440677966,0.1645193260654113,0.6000000000000001,0.0,0.3333333333333333,0,0,0,0,0,0.0,0,False,True
0.1271186440677966,0.14667988107036667,0.4000000000000001,0.0,0.3333333333333333,0,0,0,0,0,0.3333333333333333,0,True,False
0.1271186440677966,0.06937561942517345,0.2,0.0,0.0,0,0,0,0,0,0.0,0,False,False
0.1271186440677966,0.11397423191278494,0.4000000000000001,0.0,0.3333333333333333,0,0,0,0,0,0.0,0,False,True
0.1271186440677966,0.4573835480673934,0.4000000000000001,0.0,0.3333333333333333,1,0,0,0,0,0.0,0,True,False
0.11864406779661019,0.10307234886025768,0.2,0.0,0.0,0,0,0,0,0,0.0,0,False,True
0.11864406779661019,0.16154608523290387,0.2,0.0,0.0,1,0,0,0,0,0.0,0,False,True
0.11864406779661019,0.396432111000991,0.2,0.0,0.0,1,0,0,0,0,0.0,0,True,False
0.11864406779661019,0.33696729435084244,0.6000000000000001,0.0,0.3333333333333333,1,0,0,0,0,0.0,0,False,True
0.11652542372881358,0.3171456888007928,0.6000000000000001,0.0,0.6666666666666667,1,0,0,0,0,0.0,0,False,True
0.11440677966101698,0.12884043607532208,0.4000000000000001,0.0,0.3333333333333333,0,0,0,0,0,0.3333333333333333,0,True,False
0.11440677966101698,0.23290386521308226,0.4000000000000001,0.0,0.3333333333333333,0,0,0,1,0,0.3333333333333333,0,False,True
0.11440677966101698,0.06342913776015857,0.2,0.0,0.0,0,0,0,0,0,0.3333333333333333,0,False,False
0.11016949152542377,0.06442021803766101,0.4000000000000001,0.0,0.3333333333333333,1,0,1,0,0,0.3333333333333333,0,False,True
0.11016949152542377,0.1942517343904856,0.4000000000000001,0.0,0.0,1,0,0,0,0,0.0,0,False,False
0.1016949152542373,0.47571853320118923,0.2,0.0,0.0,1,0,0,0,0,0.0,0,False,True
0.1016949152542373,0.19821605550049554,0.4000000000000001,0.0,0.3333333333333333,1,0,0,0,0,0.3333333333333333,0,False,True
0.09745762711864409,0.19821605550049554,0.2,0.0,0.0,1,0,0,0,0,0.0,0,False,True
0.09322033898305088,0.19167492566897915,0.2,0.0,0.0,1,0,0,0,0,0.0,0,False,True
0.09322033898305088,0.0,0.2,0.0,0.3333333333333333,1,0,0,0,0,0.0,0,True,False
0.09322033898305088,0.16154608523290387,0.4000000000000001,1.0,0.3333333333333333,0,1,0,0,0,0.0,0,False,True
0.09322033898305088,0.07928642220019821,0.4000000000000001,0.0,0.0,1,0,0,0,0,0.0,0,False,True
0.09322033898305088,0.04261645193260655,0.4000000000000001,0.0,0.0,0,0,0,0,0,0.0,0,False,True
0.09322033898305088,0.14667988107036667,0.2,0.0,0.0,1,0,0,0,0,0.3333333333333333,0,True,False
0.09322033898305088,0.19821605550049554,0.4000000000000001,0.0,0.0,1,0,0,0,0,0.0,0,True,False
0.09237288135593219,0.11744301288404357,0.2,0.0,0.0,1,0,0,0,1,0.0,0,False,True
0.09237288135593219,0.19821605550049554,0.4000000000000001,0.0,0.3333333333333333,1,0,0,0,1,0.0,0,False,True
0.08644067796610172,0.09018830525272548,0.2,0.0,0.0,0,0,0,0,0,0.0,0,False,True
0.0847457627118644,0.15857284440039643,0.2,0.0,0.0,1,0,0,0,0,0.0,0,False,True
0.0847457627118644,0.23785926660059464,0.2,0.0,0.0,1,0,0,0,0,0.0,0,False,True
0.0847457627118644,0.15857284440039643,0.2,0.5,0.3333333333333333,1,0,1,0,0,0.3333333333333333,0,False,False
0.07627118644067798,0.08721506442021804,0.4000000000000001,0.0,0.0,0,0,0,0,0,0.0,0,False,True
0.07627118644067798,0.11694747274529238,0.4000000000000001,0.0,0.0,0,0,0,0,0,0.0,0,False,True
0.07627118644067798,0.09910802775024774,0.2,0.0,0.3333333333333333,1,0,0,0,0,0.0,0,False,False
0.07203389830508478,0.23785926660059464,0.4000000000000001,0.0,0.3333333333333333,1,0,0,0,0,0.0,0,False,True
0.07203389830508478,0.09910802775024774,0.4000000000000001,0.0,0.3333333333333333,0,0,0,0,0,0.0,0,True,False
0.06779661016949151,0.11992071357779976,0.4000000000000001,0.0,0.3333333333333333,1,0,1,0,0,0.0,0,False,True
0.06779661016949151,0.1228939544103072,0.2,0.0,0.0,0,1,0,0,0,0.3333333333333333,0,False,True
0.06779661016949151,0.09910802775024774,0.2,0.0,0.0,1,0,0,0,0,0.3333333333333333,0,False,True
0.06779661016949151,0.14866204162537167,0.2,0.0,0.0,1,1,0,0,0,0.0,0,False,True
0.06779661016949151,0.28146679881070363,0.2,0.0,0.3333333333333333,1,0,0,0,0,0.0,0,False,True
0.06779661016949151,0.5649157581764122,0.2,0.0,0.0,1,0,0,0,0,0.0,0,False,True
0.06271186440677967,0.16204162537165512,0.2,0.0,0.0,0,0,0,0,0,0.0,0,False,True
0.05932203389830509,0.04707631318136768,0.4000000000000001,0.0,0.3333333333333333,1,0,0,0,0,0.0,0,False,False
0.05932203389830509,0.07799801783944499,0.6000000000000001,0.5,0.3333333333333333,1,0,0,0,0,0.0,0,False,False
0.05932203389830509,0.1252725470763132,0.2,0.0,0.0,1,0,0,0,0,0.0,0,False,True
0.055084745762711884,0.1625371655104063,0.2,0.0,0.0,1,0,0,0,0,0.0,0,False,True
0.050847457627118675,0.11694747274529238,0.2,0.0,0.0,1,0,0,0,0,0.0,0,False,True
0.04661016949152541,0.1952428146679881,0.0,0.0,0.0,0,0,0,0,0,0.0,0,False,True
0.04661016949152541,0.1952428146679881,0.4000000000000001,0.0,0.3333333333333333,1,0,1,0,0,0.0,0,False,True
0.04152542372881357,0.32705649157581757,0.4000000000000001,0.0,0.0,0,0,0,0,1,0.0,1,False,True
0.029661016949152574,0.09910802775024774,0.2,0.0,0.0,0,0,0,0,0,0.0,0,False,True
0.02542372881355931,0.03964321110009911,0.4000000000000001,0.0,0.3333333333333333,1,0,0,0,0,0.0,0,False,True
0.02542372881355931,0.09910802775024774,0.6000000000000001,0.0,0.3333333333333333,1,0,0,0,0,0.0,0,False,True
0.02542372881355931,0.13478691774033696,0.2,0.0,0.0,1,0,0,0,0,0.3333333333333333,0,False,True
0.008474576271186446,0.14073339940535184,0.8,0.0,0.3333333333333333,0,0,0,0,0,0.0,0,False,True
0.0,0.16342913776015855,0.2,0.0,0.0,1,0,0,0,0,0.0,0,False,True
